south california,adelanto,agoura hills,alhambra,anaheim,angeles national forest,antelope valley,apple valley,arcadia,artesia,azusa,baldwin park,banning,barstow,beaumont,bell,bell gardens,bellflower,beverly hills,big bear lake,blythe,bradbury,brea,buena park,buellton,burbank,calabasas,calimesa,camarillo,campo,canyon lake,carlsbad,carpinteria,carson,catalina island,cathedral city,cerritos,chino,chula vista,claremont,coachella,colton,commerce,compton,corona,coronado,costa mesa,covina,cudahy,culver city,cypress,dana point,del mar,desert hot springs,diamond bar,downey,duarte,el cajon,el monte,el segundo,encinitas,escondido,fillmore,fontana,fountain valley,fullerton,garden grove,gardena,glendale,glendora,goleta,grand terrace,guadalupe,hawaiian gardens,hawthorne,hemet,hermosa beach,hesperia,hidden hills,highland,huntington beach,huntington park,imperial beach,indian wells,indio,industry,inglewood,irvine,irwindale,julian,joshua tree,la canada flintridge,la habra,la habra heights,la mesa,la mirada,la puente,la verne,laguna beach,laguna hills,laguna niguel,laguna woods,lake elsinore,lake arrowhead,lake forest,lakewood,la quinta,lawndale,lemon grove,loma linda,lomita,lompoc,long beach,los alamitos,los angeles,lucerne valley,lynwood,malibu,manhattan beach,maywood,mission viejo,monrovia,montclair,montebello,monterey park,moorpark,moreno valley,murrieta,national city,needles,newport beach,norco,norwalk,oceanside,ojai,ontario,orange,oxnard,pala,palm desert,palm springs,palos verdes peninsula,paramount,pasadena,perris,pico rivera,placentia,pomona,port hueneme,poway,ramona,rancho cucamonga,rancho mirage,redondo beach,redlands,rialto,riverside,rosemead,san bernardino,san clemente,san diego,san dimas,san fernando,san gabriel,san juan capistrano,san jacinto,san marcos,san marino,santee,santa ana,santa barbara,santa clarita,santa fe springs,santa maria,santa monica,santa paula,seal beach,sierra madre,signal hill,simi valley,solana beach,solvang,south el monte,south gate,south pasadena,stanton,temecula,temple city,thousand oaks,torrance,tustin,twentynine palms,upland,ventura,vernon,victorville,villa park,vista,walnut,west covina,west hollywood,westlake village,westminster,whittier,wrightwood,yorba linda,yucaipa,yucca valley,,,,,,,,,,,,,,,,,,,,,,,,,,,
north california,alameda,albany,alturus,amador city,american canyon,anderson,angels camp,antioch,arcata,atwater,auburn,belmont,belvedere,benicia,berkeley,biggs,blue lake,brentwood,brisbane,burlingame,calistoga,campbell,capitola,carmel-by-the-sea,ceres,chico,chowchilla,citris heights,clayton,clearlake,cloverdale,clovis,coalinga,colfax,colma,colusa,concord,corcoran,corning,corte madera,cotati,crescent city,cupertino,daly city,danville,davis,del rey oaks,dinuba,dixon,dublin,east palo alto,el cerrito,elk grove,emeryville,escalon,eureka,exeter,fairfax,fairfield,ferndale,firebaugh,folsom,fort bragg,fortuna,foster city,fowler,fremont,fresno,galt,gilroy,gonzales,grass valley,greenfield,gridley,gustine,half moon bay,hanford,hayward,healdsburg,hercules,hillsborough,hollister,hughson,huron,ione,jackson,kerman,king city,kingsburg,lafayette,lakeport,larkspar,lathrop,lemoore,lincoln,lindsay,live oak,livermore,livingston,lodi,loomis,los altos,los altos hills,los banos,los gatos,madera,mammoth lakes,manteca,marina,martinez,marysville,mendota,menlo park,merced,mill valley,millbrae,milpitas,modesto,monte sereno,monterey,moraga,morgan hill,mountain view,napa,nevada city,newark,newman,novato,oakdale,oakland,oakley,orange cove,orinda,orland,oroville,pacific grove,pacifica,palo alto,paradise,parlier,patterson,petaluma,piedmont,pinole,pittsburg,placerville,pleasant hill,pleasanton,plymouth,point arena,porterville,portola,rancho cordova,red bluff,redding,redwood city,reedley,richmond,rio dell,rio vista,ripon,riverbank,rocklin,rohnert park,roseville,ross,sacramento,salinas,san anselmo,san bruno,san carlos,san francisco,san joaquin,san jose,san juan bautista,san leandro,san mateo,san pablo,san rafael,san ramon,sand city,sanger,santa clara,santa cruz,santa rosa,saratoga,sausalito,scotts valley,seaside,sebastopol,selma,shasta lake,soledad,sonoma,sonora,south lake tahoe,south san francisco,st-helena,stockton,suisun city,sunnyvale,susanville,sutter creek,tahama,tiburon,tracy,trindad,truckee,tulare,turlock,ukiah,union city,vacaville,vallejo,visalia,walnut creek,waterford,watsonville,west sacramento,wheatland,williams,willits,windsor,winters,woodlake,woodlands,yountville,yuba city,alpine,inyo county,mariposa,siskiyou county,sierra county,trinity county
san francisco bay area,alameda,albany,american canyon,antioch,atherton,belmont,belvedere,benicia,berkeley,brentwood,brisbane,burlingame,calistoga,campbell,clayton,cloverdale,colma,concord,corte madera,cotati,cupertino,daly city,danville,dixon,dublin,el cerrito,emeryville,fairfax,fairfield,foster city,fremont,gilroy,half moon bay,hayward,healdsburg,hercules,hillsborough,lafayette,larkspur,livermore,los altos,los altos hills,los gatos,martinez,menlo park,mill valley,millbrae,milpitas,monte sereno,moraga,morgan hill,mountain view,napa,newark,novato,oakland,oakley,orinda,pacifica,palo alto,petaluma,piedmont,pinole,pittsburg,pleasant hill,pleasanton,portola valley,redwood city,richmond,rio vista,rohnert park,ross,st-helena,san anselmo,san bruno,san carlos,san francisco,san jose,san leandro,san mateo,san pablo,san rafael,san ramon,santa clara,santa rosa,saratoga,sausalito,sebastopol,sonoma,suisun city,sunnyvale,tiburon,union city,vacaville,vallejo,walnut creek,windsor,woodside,yountville,,,,,,,,,,,,,,,,,,,,,,,,,,,,,,,,,,,,,,,,,,,,,,,,,,,,,,,,,,,,,,,,,,,,,,,,,,,,,,,,,,,,,,,,,,,,,,,,,,,,,,,,,,,,,,,,,,,,,,,,,,,,,,,,,,,,,,,
greater new york area,new jersey,connecticut,new york,,,,,,,,,,,,,,,,,,,,,,,,,,,,,,,,,,,,,,,,,,,,,,,,,,,,,,,,,,,,,,,,,,,,,,,,,,,,,,,,,,,,,,,,,,,,,,,,,,,,,,,,,,,,,,,,,,,,,,,,,,,,,,,,,,,,,,,,,,,,,,,,,,,,,,,,,,,,,,,,,,,,,,,,,,,,,,,,,,,,,,,,,,,,,,,,,,,,,,,,,,,,,,,,,,,,,,,,,,,,,,,,,,,,,,,
greater los angeles area,agoura hills,alhambra,arcadia,artesia,avalon,azusa,baldwin park,bell,bellflower,beverly hills,bradbury,burbank,calabasas,carson,cerritos,claremont,commerce,compton,covina,cudahy,culver city,diamond bar,downey,duarte,el monte,el segundo,gardena,glendale,glendora,hawaiian gardens,hawthorne,hermosa beach,hidden hills,huntington park,industry,inglewood,irwindale,la cnada flintridge,la habra heights,la mirada,la puente,la verne,lakewood,lancaster,lawndale,lomita,long beach,los angeles,lynwood,malibu,manhattan beach,maywood,monrovia,montebello,monterey park,norwalk,palmdale,palos verdes estates,paramount,pasadena,pico rivera,pomona,rancho palos verdes,redondo beach,rolling hills,rosemead,san dimas,san fernando,san gabriel,san marino,santa clarita,santa fe springs,santa monica,sierra madre,signal hill,south el monte,south gate,south pasadena,temple city,torrance,vernon,walnut,west covina,west hollywood,westlake village,whittier,ventura,thousand oaks,simi valley,santa paula,port hueneme,oxnard,ojai,moorpark,fillmore,camarillo,adelanto,apple valley,barstow,big bear lake,chino,colton,crestline,fontana,grand terrace,hesperia,highland,joshua tree,lake arrowhead,loma linda,lucerne valley,montclair,needles,ontario,rancho cucamonga,redlands,rialto,running springs,san bernardino,twentynine palms,upland,victorville,wrightwood,yermo,yucaipa,yucca valley,banning,beaumont,blythe,calimesa,canyon lake,cathedral city,coachella,corona,desert hot springs,eastvale,hemet,indian wells,indio,jurupa valley,lake elsinore,la quinta,menifee,moreno valley,murrieta,norco,palm desert,palm springs,perris,rancho mirage,riverside,san jacinto,temecula,wildomar,aliso viejo,anaheim,brea,buena park,costa mesa,cypress,dana point,fountain valley,fullerton,garden grove,huntington beach,irvine,la habra,la palma,laguna beach,laguna hills,laguna niguel,laguna woods,lake forest,los alamitos,mission viejo,newport beach,orange,placentia,rancho santa margarita,san clemente,san juan capistrano,santa ana,seal beach,stanton,tustin,villa park,westminster,yorba linda,,,,,,,,,,,,,,,,,,,,,,,,,,,,,,,,,,,,,,,,,,,,,,
greater boston area,abington,acton,allston,amesbury,andover,arlington,ashland,auburndale,avon,ayer,bay view,bedford,bellingham,belmont,beverly,billerica,billetica,boston,boxborough,braintree,brigadoon village,brighton,brockton,brookline,burlington,cambridge,canton,carlisle,charlestown,chelmsford,chelsea,chestnut hill,cochituate,cohasset,concord,danvers,dedham,devens,dracut,east bridgewater,east walpole,east weymouth,essex,everet,everett,framingham,franklin,georgetown,gloucester,groveland,hamilton,hanover,hanscom,hanscom,hanson,harvard,haverhill,hingham,holbrook,holliston,hopedale,hopkinton,hull,hyde park,ipswich,jamaica plain,lawrence,lexington,littleton,lowell,lower mills,lynn,lynnfield,malden,marblehead,marlborough,marshfield,mathuen,maynard,medfield,medford,medway,melrose,mendon,methuen,middleboro,middleton,middletown,milford,millis,milton,natick,needham,needham heights,newbury,newburyport,newton,newton center,newtonville,norfolk,north andover,north billerica,north chelmsford,north easton,north reading,norton,norwell,norwood,peabody,pembroke,pepperell,quincy,randolph,reading,revere,rockland,rockport,rowley,roxbury,salem,salisbury,saugus,scituate,sharon,shirley,somerville,south boston,south easton,south weymouth,southborough,stoneham,stoughton,stow,sudbury,swampscott,tewksbury,topsfield,townsend,tyngsboro,uxbridge,velva,wakefield,walpole,waltham,watertown,wayland,wellesley,wellesley hills,west newton,west roxbury,westboro,westford,weston,westwood,weymouth,whitinsville,whitman,wilmington,winchester,winthrop,woburn,wollaston,,,,,,,,,,,,,,,,,,,,,,,,,,,,,,,,,,,,,,,,,,,,,,,,,,,,,,,,,,,,,,,,,,,,,,,,
greater atlanta area,acworth,alpharetta,atlanta,auburn,austell,avondale estates,blairsville,bowdon,braselton,bremen,buford,canton,carrollton,cartersville,cedartown,chamblee,clarkston,college park,conyers,covington,cumming,dacula,dallas,decatur,doraville,douglasville,duluth,dunwoody,east point,ellenwood,ellijay,fairburn,fayette,fayetteville,flowery branch,forest park,glen haven,grayson,greensboro,hampton,hapeville,hiram,jasper,johns creek,jonesboro,kennesaw,lake lanier islands,lawrenceville,lilburn,lithia springs,lithonia,locust grove,loganville,mableton,marble hill,marblehill,marietta,mcdonough,milton,monticello,morrow,newnan,newtown,norcross,peachtree city,powder springs,riverdale,rockmart,roswell,sandy springs,scottdale,senoia,smyrna,snellville,stockbridge,stone mountain,sunny side,suwanee,tallapoosa,tucker,tyrone,union city,villa rica,vinings,westoak,woodstock,,,,,,,,,,,,,,,,,,,,,,,,,,,,,,,,,,,,,,,,,,,,,,,,,,,,,,,,,,,,,,,,,,,,,,,,,,,,,,,,,,,,,,,,,,,,,,,,,,,,,,,,,,,,,,,,,,,,,,,,,,,,,,,,,,,,,,,,,,,,,,,,,,,,
greater seattle area,aberdeen,arlington,ashford,auburn,bainbridge island,bay view,bayview,bellevue,bonney lake,bothell,bremerton,brier,buckley,burien,castle rock,center island,centralia,chehalis,covington,des moines,east ashford,easton,edmonds,enumclaw,everett,fairwood,federal way,fife,fircrest,forks,gig harbor,glen cove,glencove,hoquiam,issaquah,kalaloch,kenmore,kent,kirkland,lacey,lake forest,lake stevens,lakewood,lynnwood,maple valley,marysville,mcchord,mercer island,midland,mill creek,milton,monroe,mountlake terrace,mukilteo,napavine,newcastle,normandy park,north bend,ocean shores,olympia,orting,pacific beach,parkland,port angeles,port ludlow,port orchard,port townsend,poulsbo,puyallup,redmond,redondo,renton,riverton heights,rochester,sammamish,sanoqualmie,seatac,seabeck,seattle,sequim,shelton,sheridan beach,shoreline,silverdale,skyway,snohomish,snoqualmie,snoqualmie pass,south hill,spanaway,steilacoon,sumner,tacoma,tukwila,tulalip,tumwater,turkwila,university place,whidbey island,white center,woodinville,yelm,,,,,,,,,,,,,,,,,,,,,,,,,,,,,,,,,,,,,,,,,,,,,,,,,,,,,,,,,,,,,,,,,,,,,,,,,,,,,,,,,,,,,,,,,,,,,,,,,,,,,,,,,,,,,,,,,,,,,,,,,,,,,,,,,,,,
greater denver area,akron,arvada,aurora,black hawk,boulder,brighton,broomfield,castle rock,centennial,central city,commerce city,conifer,denver,edgewater,elizabeth,englewood,erie,evergreen,fort lupton,fort morgan,fraser,georgetown,glendale,golden,granby,grand island,grand lake,greenwood,greenwood village,henderson,highlands ranch,holyoke,kittredge,lafayette,lakewood,littleton,lone tree,louisville,morrison,nederland,northglenn,parker,sedalia,sheridan,silverthorne,sterling,superior,thornton,westminster,wheat ridge,winter park,,,,,,,,,,,,,,,,,,,,,,,,,,,,,,,,,,,,,,,,,,,,,,,,,,,,,,,,,,,,,,,,,,,,,,,,,,,,,,,,,,,,,,,,,,,,,,,,,,,,,,,,,,,,,,,,,,,,,,,,,,,,,,,,,,,,,,,,,,,,,,,,,,,,,,,,,,,,,,,,,,,,,,,,,,,,,,,,,,,,,,,
greater chicago area,addison,algonquin,alsip,antioch,arlington heights,aurora,bannockburn,barrington,bartlett,batavia,bedford park,bensenville,berwyn,bloomingdale,blue island,bolingbrook,bourbonnais,bradley,bridgeview,broadview,brookfield,buffalo grove,burbank,burr ridge,calumet park,carol stream,carpentersville,cary,cedar lake,channahon,chicago,chicago heights,chicago ridge,cicero,country club hills,countryside,crest hill,crestwood,crystal lake,darien,deer park,deerfield,des plaines,dolton,downers grove,dundee,east chicago,elgin,elk grove village,elmhurst,elmwood park,evanston,evergreen park,forest park,fort sheridan,fox lake,frankfort,franklin park,gary,geneva,glen ellyn,glencoe,glendale heights,glenview,grayslake,great lakes,gurnee,hammond,hanover park,harvey,harwood heights,hazel crest,hickory hills,highland,highland park,highwood,hillside,hinsdale,hobart,hoffman estates,homer glen,homewood,hoopeston,huntley,island lake,itasca,joliet,kankakee,la grange,la grange highlands,la grange park,lake bluff,lake forest,lake station,lake villa,lake zurich,lake in the hills,lansing,lemont,libertyville,lincolnshire,lincolnwood,lindenhurst,lisle,lockport,logan square,lombard,lyons,markham,matteson,mccook,mchenry,melrose park,merrillville,metteson,midlothian,mokena,monee,montgomery,morris,morton grove,mount prospect,mundelein,naperville,new lenox,niles,norridge,north aurora,north chicago,north riverside,northbrook,northfield,northlake,oak brook,oak forest,oak lawn,oak park,oakbrook terrace,orland park,oswego,palatine,palos heights,palos hills,palos park,park forest,park ridge,pilsen,plainfield,prospect heights,ringwood,river forest,river grove,riverdale,riverside,riverwoods,rolling meadows,romeoville,roselle,rosemont,round lake,round lake beach,schaumburg,schererville,schiller park,skokie,south barrington,south elgin,south holland,south hollnd,spring grove,st-charles,st-john,steger,streamwood,sugar grove,summit argo,third lake,tinley park,vernon hills,villa park,warrenville,wauconda,waukegan,west chicago,west dundee,westchester,western springs,westmont,wheaton,wheeling,willow springs,willowbrook,wilmette,wilmington,winfield,winnetka,wonder lake,wood dale,woodridge,woodstock,worth,yorkville,zion,,,,,,,,,,,,,,,,,,,,,,,,,,,,,,,
importance,san francisco bay area,greater new york area,greater los angeles area,greater boston area,greater chicago area,greater seattle area,greater denver area,greater atlanta area,,,,,,,,,,,,,,,,,,,,,,,,,,,,,,,,,,,,,,,,,,,,,,,,,,,,,,,,,,,,,,,,,,,,,,,,,,,,,,,,,,,,,,,,,,,,,,,,,,,,,,,,,,,,,,,,,,,,,,,,,,,,,,,,,,,,,,,,,,,,,,,,,,,,,,,,,,,,,,,,,,,,,,,,,,,,,,,,,,,,,,,,,,,,,,,,,,,,,,,,,,,,,,,,,,,,,,,,,,,,,,,,,,